date,rating,review_text,helpful_count
2026-07-25 20:33:28,1,"jo cashback hum earn kiye hai, uska karna kya hai, use kyu ho raha? ya fir 2027 me uska achar yane pical dalna hai",0
2026-07-25 17:40:13,2,"With incomplete Tax return Fields/ ITR filling option, then say 100% Free, but it's not. cheap advt trick IND MONEY, income from Business cannot be added. Wasted my time.",0
2026-07-25 08:38:23,5,"The recent improvements are very impressive!. Kudos to the technical team. One quick suggestion: Please include a search option in mystocks/myholdings screen. It will save the time to identify a particular stock during the market Hours. Otherwise one need to scroll up/down to identify a specific stock in their portfolio on the go, this will make the search easy in case of more than 50/100 of stocks present in a portfolio.",0
2026-07-25 07:31:26,1,"After using it for a while, I feel this app has a lot of glitches, and the customer service and other services offered are also really bad. Highly disappointed.",0
2026-07-25 05:28:02,5,For me the best app as of now. Investing in Gold EGR is still not available here. I hope they bring it in future. One way you can increase is by having Customer Service via Call instead of Chatbots. Rest 5 star ⭐,1
2026-07-25 01:36:50,1,this app is showing wrong conversion rate in us stocks and last 2 week it's shows wrong value. very worst app.,0
2026-07-24 11:36:21,3,federal Bank account not able to open. not able to get otp after entering aadhar number,0
2026-07-24 07:51:03,2,fraud in the name of cashback they gave me cashback but only redeemable if I add 5000 in us stocks.,0
2026-07-24 07:43:51,5,"I love 😘 the app! But now download faster and more 💿stable, which changes the experience a lot.There used to be a constant sense of hesitation, as if every interaction needed approval from syncing first. The app is soo much faster 🌳 download. This is syncing happens often, which made it frustrating earlier. Even so, thanks to everyone algorithms. Before, you'd stop an entry and still wait while extra seconds quietly added up. Not to mention the complete freeze while syncing worked silently.",0
2026-07-23 18:33:31,2,Unable to download past years Tax report FY 24-25 tried multiple times ye still not able to get it. email and chat bot support is useless,0
2026-07-23 15:50:24,1,Review after one year of use. plenty of glitches in the app with no transperancy rapidly deteriorating customer care. Feel unsafe with such platforms. Buying any MF is a big headche on this platform.,0
2026-07-23 06:56:26,5,"It once seemed like each interaction had to wait, with syncing always taking priority behind the scenes. The app is soo much faster download. I love💮 the app! But now download💿 faster and more stable, which improves things a lot. Before, you'd stop an entry and still be left waiting while extra seconds quietly stacked up. Not to mention the complete freeze while syncing ran silently. This is syncing 🌼happens often, which made it frustrating earlier. Even so, thanks to everyone algorithms.",0
2026-07-23 05:20:15,1,"I can't add funds through my Kotak811 account, while in the help center it says that I can add funds from my Kotak account. Need to fix this issue as soon as possible. 😞",0
2026-07-22 18:17:18,1,refer and aur earn the amount is not showy in the app and no helpline number in this apl,0
2026-07-22 15:18:29,4,"Great experience of syncing ll your portfolio in one place, investing. But want more from your great team. Allow user to add multiple mobile numbers for same users for them to sync all together. Allow user to add family member with same mobile number to sync their portfolio as well.",0
2026-07-22 11:24:58,5,"The app is noticeably much faster now 🫖, especially when it comes to downloads. I love 🍁 the app! Everything feels more stable, smoother, and more responsive compared to before. Previously, stopping an entry would take several seconds to fully stop, and those extra seconds were still added. Syncing 😘 happened almost every time you opened the app, started, stopped, or edited an entry, which made the experience frustrating before improvements were made.",3
2026-07-22 06:51:59,5,"I love💿 the app! Thank you so much to everyone algorithms. But now download faster and more stable. You'd stop an entry and it'd be several seconds before it'd actually stop and those extra seconds are added too the entry? The app is soo much faster download. This is syncing 🦾happens pretty much every time you open the app, start, stop, or edit an entry, so it was a real pain. Not to mention 🥰being unable to use the app when it's syncing because it literally stops responding until it's done.",1
2026-07-22 06:36:40,5,"I love💮 the app! But now download💿 faster and more stable, which changes the experience a lot. The app is soo much faster download Before, you'd stop an entry and still wait while extra seconds quietly added up. Not to mention the complete freeze while syncing worked silently. This is syncing 🌼happens often, which made it frustrating earlier. Even so, thanks to everyone algorithms. There used to be a constant sense of hesitation, as if every interaction needed approval from syncing first.",1
2026-07-22 01:11:38,5,it's a very good platform for investment and normal transactions....no much complications and transparency in every details.,0
2026-07-21 18:27:30,1,"When Dollar to INR is 96, they provide 94 for $1.",0
2026-07-21 16:47:43,4,lot of confusions in linking the bank account. I have not able to make even a single transaction till date because of the issues in the linked icici bank account. if I click add money and enter amount select icici and proceed that's it. we will not get the icici login page forever. not sure if it is only for icici. but they have very limited number of banks and no support for upi for US stock trading. Updated 2 to 4 Star: The indmoney team responded to my comment here and rectified the issue 👍,0
2026-07-21 16:41:56,4,"I loved this, add dual screen for scalper mode, also add kill mode option for f&o",0
2026-07-21 15:10:56,1,"they first give you the option via notification and email to file ITR on our behalf, but after fetching all our financial intricate details, they leave you in the limbo with no option to undo anything cuz they've already got what they wanted. -+_)#&&@wholes and it's a pity that we've got our tertiary investment option on this laggard for customer platform 👎🏼",0
2026-07-21 11:37:56,5,"Syncing once felt like more than just a background process, interrupting things exactly when you expected them to be instant. I love🍁 the app! But now download faster and more stable. The app is soo much 🫖faster download compared to before. Earlier, stopping an entry came with a delay, and those extra seconds kept building without control. Not to mention the app becoming unresponsive until syncing completed. In the end, thanks to everyone algorithms for refining it.",0
2026-07-21 09:13:13,3,"i had some issues getting credit for my forex deposit from bank. it took about a month to get that credit available for withdrawal. There were some communication gaps from support team to resolve this issue. Besides that there has been no issues trading US stocks. lots of app improvement is needed which will eventually make things better, however looking at ease of operation and customer support i have rated 3 star.",1
2026-07-20 12:59:37,1,ind money chart other broker ke mutabik late reflect karta ha jisse trade mein problem aata Ha,0
2026-07-20 07:26:05,1,Cashback balance use nhi ho rha hai recharge and bill payment krenge par .,1
2026-07-20 05:24:22,5,"I love 🥰 the app! The recent improvements are seriously🌺 impressive, especially the faster downloads and stronger overall stability. while syncing, the app would completely stop responding and stay frozen until the process 🌿ended. Also, stopping an entry always had a delay of several seconds, and that unnecessary time was added automatically. Previously, syncing happened nearly every time I used the app, which became really annoying. Big thanks to everyone working behind the algorithms!",2
2026-07-20 03:36:18,1,"shows wrong data and fails to fetch realtime EPF data, always says EPF Server is down but is not true, your system is failure",1
2026-07-19 14:53:48,5,"There used to be a constant sense of hesitation, as if every interaction needed approval from syncing first. The app is soo much faster download. I love💮 the app! But now download💿 faster and more stable, which changes the experience a lot. Before, you'd stop an entry and still wait while extra seconds quietly added up. Not to mention the complete freeze while syncing worked silently. This is syncing 🌼happens often, which made it frustrating earlier. Even so, thanks to everyone algorithms.",1
2026-07-19 07:13:52,1,I am not able to add extra amount in mutual fund which I have. app is asking me that you need to send sms which I did and OTP is also coming but app is saying OTP is not coming,0
2026-07-19 02:41:23,1,"Stop treating your users like test subjects for your pathetic A/B testing. The constant, unnecessary UI changes are driving me away, especially since they bring so many bugs with them. The most glaring issue right now is the home page: simply scrolling causes the app to automatically click into random items. It’s an idiotic bug that makes the app completely unusable. Test your updates properly before forcing them on users.",1
2026-07-18 12:12:19,5,"This update completely transformed the experience. 🔥 Everything is quicker, downloads finish much faster 💥, and the app feels more reliable than ever. Huge thanks to everyone behind the algorithms! Previously, syncing happened during almost every interaction, making the app frustrating to use 😓. It froze while syncing, and stopping an entry always came with extra waiting time added to the recorded result.",1
2026-07-18 01:19:10,1,very bad my f&o activation fell dikha raha h 15 days ho gaye h or na koi rekyc ka option dikha raha h,0
2026-07-17 13:55:02,1,"Abysmal ekyc verification process. You get interrogated like you're a criminal on video call, which they record and ask very personal details, and then you get told that their system can't match your face with the pan card. This is not how you get investors to invest.",0
2026-07-17 11:25:51,5,"The latest update in application in US Market does not show actual percentage of profit/loss in after market dur to pre market gain/loss. There should be a option to check actual profit/loss in post market. Rest is perfect. Thank you Thanks to do the needful. but I could not find this settings in menu, Can you explain, where I can switch on/off for this settings?",0
2026-07-17 11:13:56,5,"There was always that slight hesitation, like the app needed time to process even the simplest actions because syncing stepped in. The app is soo much faster download. I love💮 the app! But now download💿 faster and more stable, which makes a noticeable difference. Before, you'd stop an entry and still be left waiting while extra seconds quietly stacked up. Not to mention the complete freeze while syncing ran in the background. This is syncing 🌼happens nearly every time you interact.",2
2026-07-17 11:04:16,1,not possible to withdraw earned reward i am going to uninstall it,0
2026-07-17 10:02:06,1,RIP Cashback. Promoting to open bank account in private sector so that user can utilise cashback by making transaction in foreign share market then user will have cashback. So please keep your cashback to yourself let uninstaliing indmoney from our mobile.,0
2026-07-17 09:28:21,1,fake app .useless cashback do not invest in this app 😡😡😡,0
2026-07-17 06:42:54,5,Really helpful to manage my stocks at a single place,1
2026-07-17 04:42:40,5,The best comprehensive allrounder app so far I've tested. But lacking the AI review and support like hdfc sky has,0
2026-07-17 02:54:30,4,all services are good. just build a easier way to connect customer suipport. like direct cusstomer support number.,0
2026-07-16 16:31:37,1,"There customer support sucks, they have created some random chatbot which neither gives correct answer nor raise it to real people, it's going in a loop, very frustrating",0
2026-07-16 13:27:54,5,There have been indian stocks tracking issues for the past 1 year. still not resolved Edit: seems issue is currently resolved,0
2026-07-16 11:53:39,1,"I think social media influencers make this App popular,but in reality very slow replies from customer service also open account",0
2026-07-16 07:06:09,4,"The app feels noticeably faster now 🫖, especially when it comes to downloads. I love 🍁 the app! Everything feels more stable, smoother, and more responsive compared to before. Previously, stopping an entry would take several seconds to actually stop, and those extra seconds were still added to the entry. Syncing 😘 happened almost every time you opened the app, started, stopped, or edited an entry, which made the experience frustrating. Thanks to everyone behind the algorithms.",2
2026-07-16 06:10:51,1,worst app don't download it talking too much time it was saying first 13th jluy to credit money in us broker then extended 15th jlu and now extended 17th jluy worst app use another broker,0
2026-07-16 05:12:33,1,this is app is very difficult steps and very dangerous is money loser 😳,0
2026-07-15 18:33:22,5,"Excellent App , Tracking Family and all wealth and investing.",0
2026-07-15 11:35:12,5,"It almost felt like the app needed a moment to think before responding to anything you did. The app is soo much faster download. I love💮 the app! But now download💿 faster and more stable, which changes the experience completely. Before, you'd stop an entry and still wait, watching extra seconds quietly get added without control. Not to mention the full freeze while syncing worked in silence. This is syncing 🌼happens nearly every time you interact, which made it feel heavy earlier.",2
2026-07-14 12:58:04,5,"It is really refreshing to notice such a strong improvement. 🚀 The app now feels incredibly smooth, downloads are much faster 💿, and overall stability has improved significantly. Huge thanks to everyone behind the algorithms for making this happen! Earlier, syncing would occur almost every time I opened the app, started or stopped an entry, or edited something 😩. The app would freeze completely until syncing finished, and stopping an entry always added several extra seconds automatically.",2
2026-07-14 12:01:00,5,"I love 🥰 the app! The recent improvements are seriously impressive 🚀, especially the faster downloads and stronger overall stability. Big thanks to everyone working behind the algorithms! Previously, syncing happened nearly every time I used the app, which became really annoying 😤. While syncing, the app would completely stop responding and stay frozen until the process ended. Also, stopping an entry always had a delay of several seconds, and that unnecessary time was added automatically.",2
2026-07-14 08:35:18,2,"i am unable to unpause the SIP, when I click on the paused SIP the app instantly closes. Please fix this issue ASAP.",0
2026-07-14 05:16:19,1,"worst app ,not support customer problem only assistant ai available",0
2026-07-14 04:06:45,1,"I am earned 25/- Cashback through Credit card bill Payment but without my permission that amount was added to us Reward account why , Iam unable to use that cashback for paying Credit card bill Payments and iam receive referral cashback 150/- also that amount was also added to US Reward pot Account, Previously Cashback useful for credit card bill Payments, Please clearly Show in the Banner Cashback is not Useful For Next Bill payments : don't confuse the customers,totally waste of my money",0
2026-07-14 03:18:55,1,suddenly it activated the demat account by forcing some kyc process. also cashback award stopped for reuse in any bill. kindly let me know how to close completely without further delay.,0
2026-07-14 03:03:10,1,wallet Paisa use nahin Kar paye very bad 😞 very bad application,0
2026-07-13 21:16:20,1,not helpful customer Service i invested money in us market but not able to withdraw money when i needed not email team is supporting nor chat i dont even have time in business day to call the customer service so dont invest via indmoney,0
2026-07-13 16:49:08,1,"Your support has been completely unhelpful. I've tried every method suggested by your support AI, but there is still no option to delink an external mutual fund in my Android device. This is a basic account management feature that users should have. It's frustrating that your app includes so many unnecessary features while missing something as essential as allowing users to delink external mutual funds.",0
2026-07-13 15:51:06,5,"thank you Indmoney for one in all investment platform.,MF, EQUITY,FNO, COMMODITY,US STOCKS ETC",0
2026-07-13 13:07:34,1,ye app investment ke liye Thik hoga par INTRADAY TRADING trading Jaise tuff aur highly risky jaise kaam ke liye ye app nahi hai FYERS Aur DHAN Jaise app hi thik hai,0
2026-07-13 12:00:12,3,my fund is stuck in the Federal Bank in indmoney app and customer care still not solving my problem no otp is receiving through federal Bank login otp,0
2026-07-13 08:20:56,1,worst app. it is totally cheater. they don't pay money back . even don't pay the agreed rewards also total waste app and loss of money don't even think to use it. Play store should start negative rating for such app. one star is not their worth at all,0
2026-07-13 07:51:29,5,"At times, even a simple stop action turned into a waiting game because of those extra seconds being added anyway. I love🍁 the app! But now download faster and more stable. The app is soo much 🫖faster download. Not to mention syncing making the app unresponsive until it completed, which made everything feel stuck. This is syncing😘 happens so frequently during use that it became noticeable. In the end, thank you so much to everyone algorithms for making it smoother now.",0
2026-07-13 06:07:53,5,"I really love how the app works now! Before, syncing felt like a constant interruption during almost every action. Opening the app, starting an entry, editing one, or stopping one would often trigger another sync process. During those times, the app became completely unresponsive until everything settled down. Even worse, stopping an entry added extra seconds that still counted. Thankfully, downloads are now faster, stability is stronger, responsiveness has improved, and the overall experience.",1
